Posição;Poder;Nome Poder;Categoria Economica;Nome Categoria Economica;Receita por Fonte;Nome Receita por Fonte;Receita por Sub Fonte;Nome Receita por SubFonte;Rubrica;Nome Rubrica;Alinea;Nome Alinea;Sub Alinea;Nome Sub Alinea;Gestão;Nome Gestão;Órgão;Nome Órgão;UG;Nome UG;Fonte de Recursos;Nome Fonte de Recursos;Valor Previsão Inicial;Valor Previsão Atualizada;Valor Receita a Realizar;Valor Receita Realizada
01/12/2017;1;Executivo;1;RECEITAS CORRENTES;13;RECEITA PATRIMONIAL;134;Compensação Financeira;1340;Compensação Financeira;134099;Outras Compensações Financeiras;13409910;Royalties pela Produção do Petróleo - Exceden;3;AUTARQUIAS;20;Secretaria de Estado de Fazenda e Planejamento;123400;FUNDO UNICO DE PREVIDENCIA DO ESTADO DO RJ.;231;Recursos Próprios do Rioprevidência;222546546;566766633,2;457961019,4;108805613,8
01/12/2017;1;Executivo;1;RECEITAS CORRENTES;13;RECEITA PATRIMONIAL;134;Compensação Financeira;1340;Compensação Financeira;134099;Outras Compensações Financeiras;13409910;Royalties pela Produção do Petróleo - Exceden;1;TESOURO;99;Tesouro do Estado do Rio de Janeiro;999900;TESOURO DO ESTADO DO RIO DE JANEIRO;104;Compensação Financeira pela Exploração de Petróleo;107354018;199137706,6;55931629,73;143206076,9
01/12/2017;1;Executivo;1;RECEITAS CORRENTES;13;RECEITA PATRIMONIAL;134;Compensação Financeira;1340;Compensação Financeira;134099;Outras Compensações Financeiras;13409907;Cota-Parte do Fundo Especial do Petróleo - FE;3;AUTARQUIAS;20;Secretaria de Estado de Fazenda e Planejamento;123400;FUNDO UNICO DE PREVIDENCIA DO ESTADO DO RJ.;231;Recursos Próprios do Rioprevidência;4327749;6833498,5;-2775,14;6836273,64
01/12/2017;1;Executivo;1;RECEITAS CORRENTES;13;RECEITA PATRIMONIAL;134;Compensação Financeira;1340;Compensação Financeira;134099;Outras Compensações Financeiras;13409905;Royalties pela Produção do Petróleo - Exceden;3;AUTARQUIAS;20;Secretaria de Estado de Fazenda e Planejamento;123400;FUNDO UNICO DE PREVIDENCIA DO ESTADO DO RJ.;231;Recursos Próprios do Rioprevidência;358562361;281833796,2;-582271010,1;864104806,3
01/12/2017;1;Executivo;1;RECEITAS CORRENTES;13;RECEITA PATRIMONIAL;134;Compensação Financeira;1340;Compensação Financeira;134099;Outras Compensações Financeiras;13409906;Cota-Parte Participação Especial  Exp. Petrol;3;AUTARQUIAS;20;Secretaria de Estado de Fazenda e Planejamento;123400;FUNDO UNICO DE PREVIDENCIA DO ESTADO DO RJ.;231;Recursos Próprios do Rioprevidência;1408637846;1123362776;-1547289295;2670652070
01/12/2017;1;Executivo;1;RECEITAS CORRENTES;13;RECEITA PATRIMONIAL;134;Compensação Financeira;1340;Compensação Financeira;134099;Outras Compensações Financeiras;13409908;Cota-parte Royalties Produção do Petróleo - A;1;TESOURO;99;Tesouro do Estado do Rio de Janeiro;999900;TESOURO DO ESTADO DO RIO DE JANEIRO;104;Compensação Financeira pela Exploração de Petróleo;225082332;465605037,8;128382888,7;337222149,1
01/12/2017;1;Executivo;1;RECEITAS CORRENTES;13;RECEITA PATRIMONIAL;134;Compensação Financeira;1340;Compensação Financeira;134099;Outras Compensações Financeiras;13409908;Cota-parte Royalties Produção do Petróleo - A;3;AUTARQUIAS;20;Secretaria de Estado de Fazenda e Planejamento;123400;FUNDO UNICO DE PREVIDENCIA DO ESTADO DO RJ.;231;Recursos Próprios do Rioprevidência;230494637;580692481,8;580692481,8;0
01/12/2017;1;Executivo;1;RECEITAS CORRENTES;13;RECEITA PATRIMONIAL;134;Compensação Financeira;1340;Compensação Financeira;134099;Outras Compensações Financeiras;13409905;Royalties pela Produção do Petróleo - Exceden;1;TESOURO;99;Tesouro do Estado do Rio de Janeiro;999900;TESOURO DO ESTADO DO RIO DE JANEIRO;104;Compensação Financeira pela Exploração de Petróleo;136288484;74919364,67;68378360,93;6541003,74
01/12/2017;1;Executivo;1;RECEITAS CORRENTES;13;RECEITA PATRIMONIAL;134;Compensação Financeira;1340;Compensação Financeira;134099;Outras Compensações Financeiras;13409907;Cota-Parte do Fundo Especial do Petróleo - FE;1;TESOURO;99;Tesouro do Estado do Rio de Janeiro;999900;TESOURO DO ESTADO DO RIO DE JANEIRO;104;Compensação Financeira pela Exploração de Petróleo;276239;436180,76;2775,1;433405,66
01/12/2017;1;Executivo;1;RECEITAS CORRENTES;13;RECEITA PATRIMONIAL;134;Compensação Financeira;1340;Compensação Financeira;134099;Outras Compensações Financeiras;13409911;Cota-Parte Participação Espec. Exp. Petrol. e;3;AUTARQUIAS;20;Secretaria de Estado de Fazenda e Planejamento;123400;FUNDO UNICO DE PREVIDENCIA DO ESTADO DO RJ.;231;Recursos Próprios do Rioprevidência;874290001;2254678029;1691445784;563232244,9
01/12/2017;1;Executivo;1;RECEITAS CORRENTES;13;RECEITA PATRIMONIAL;134;Compensação Financeira;1340;Compensação Financeira;134099;Outras Compensações Financeiras;13409906;Cota-Parte Participação Especial  Exp. Petrol;1;TESOURO;99;Tesouro do Estado do Rio de Janeiro;999900;TESOURO DO ESTADO DO RIO DE JANEIRO;104;Compensação Financeira pela Exploração de Petróleo;535419046;298621480,6;298621480,6;0
01/12/2017;1;Executivo;1;RECEITAS CORRENTES;13;RECEITA PATRIMONIAL;134;Compensação Financeira;1340;Compensação Financeira;134099;Outras Compensações Financeiras;13409911;Cota-Parte Participação Espec. Exp. Petrol. e;1;TESOURO;99;Tesouro do Estado do Rio de Janeiro;999900;TESOURO DO ESTADO DO RIO DE JANEIRO;104;Compensação Financeira pela Exploração de Petróleo;421747927;798144012,8;-442777970;1240921983
01/12/2018;1;Executivo;1;RECEITAS CORRENTES;13;Receita Patrimonial;139;Demais Receitas Patrimoniais;1390;Demais Receitas Patrimoniais;139000;Demais Receitas Patrimoniais;13900011;Dem Rec Pat - Royalties pela Produção do Petr;1;;99;Tesouro do Estado do Rio de Janeiro                                             ;999900;TESOURO DO ESTADO DO RIO DE JANEIRO;103;Royalties para Ações de Segurança Pública e Desenvolvimento Social;0;116437297,7;49906456,68;66530841,05
01/12/2018;1;Executivo;9;DEDUÇÃO DA RECEITA REFERENTE A RECEITAS CORRENTES;93;Dedução da Receita Referente a Receita Patrimonial;939;Dedução da Receita Referente a Demais Receitas Patrimoniais;9390;Dedução da Receita Referente a Demais Receitas Patrimoniais;939000;Dedução da Receita Referente a Demais Receitas Patrimoniais;93900011;Dedução - Demais Patrim-Royalties Petróleo -T;1;;99;Tesouro do Estado do Rio de Janeiro                                             ;999900;TESOURO DO ESTADO DO RIO DE JANEIRO;104;Compensação Financeira pela Exploração de Petróleo;-172204301;-394933524,5;-76746314,45;-318187210
01/12/2018;1;Executivo;1;RECEITAS CORRENTES;13;Receita Patrimonial;139;Demais Receitas Patrimoniais;1390;Demais Receitas Patrimoniais;139000;Demais Receitas Patrimoniais;13900011;Dem Rec Pat - Fundo Especial do Petróleo - FE;1;;99;Tesouro do Estado do Rio de Janeiro                                             ;999900;TESOURO DO ESTADO DO RIO DE JANEIRO;104;Compensação Financeira pela Exploração de Petróleo;378014;604097,24;5958,82;598138,42
01/12/2018;1;Executivo;1;RECEITAS CORRENTES;13;Receita Patrimonial;139;Demais Receitas Patrimoniais;1390;Demais Receitas Patrimoniais;139000;Demais Receitas Patrimoniais;13900011;Dem Rec Pat - Royalties pela Produção do Petr;1;;99;Tesouro do Estado do Rio de Janeiro                                             ;999900;TESOURO DO ESTADO DO RIO DE JANEIRO;104;Compensação Financeira pela Exploração de Petróleo;955533034;1080491647;-37912000,95;1118403648
01/12/2018;1;Executivo;1;RECEITAS CORRENTES;13;Receita Patrimonial;139;Demais Receitas Patrimoniais;1390;Demais Receitas Patrimoniais;139000;Demais Receitas Patrimoniais;13900011;Dem Rec Pat - Fundo Especial do Petróleo - FE;3;;20;Secretaria de Estado de Fazenda e Planejamento                                  ;123400;FUNDO UNICO DE PREVIDENCIA DO ESTADO DO RJ.;231;Recursos Próprios do Rioprevidência;5922222;9464190,01;432990,63;9031199,38
01/12/2018;1;Executivo;9;DEDUÇÃO DA RECEITA REFERENTE A RECEITAS CORRENTES;93;Dedução da Receita Referente a Receita Patrimonial;939;Dedução da Receita Referente a Demais Receitas Patrimoniais;9390;Dedução da Receita Referente a Demais Receitas Patrimoniais;939000;Dedução da Receita Referente a Demais Receitas Patrimoniais;93900011;Dedução - Demais Patrimon - Royalties Petróle;1;;99;Tesouro do Estado do Rio de Janeiro                                             ;999900;TESOURO DO ESTADO DO RIO DE JANEIRO;104;Compensação Financeira pela Exploração de Petróleo;-258306452;-212656513,2;71522373,7;-284178886,9
01/12/2018;1;Executivo;1;RECEITAS CORRENTES;13;Receita Patrimonial;139;Demais Receitas Patrimoniais;1390;Demais Receitas Patrimoniais;139000;Demais Receitas Patrimoniais;13900011;Dem Rec Pat - Royalties pela Produção do Petr;3;;20;Secretaria de Estado de Fazenda e Planejamento                                  ;123400;FUNDO UNICO DE PREVIDENCIA DO ESTADO DO RJ.;231;Recursos Próprios do Rioprevidência;2013506638;2993347177;-27560221,62;3020907399
01/12/2019;1;Executivo;1;RECEITAS CORRENTES;13;Receita Patrimonial;139;Demais Receitas Patrimoniais;1390;Demais Receitas Patrimoniais;139000;Demais Receitas Patrimoniais;13900011;Dem Rec Pat - Royalties pela Produção do Petr;1;;99;Tesouro do Estado do Rio de Janeiro                                             ;999900;TESOURO DO ESTADO DO RIO DE JANEIRO;103;Royalties para Ações de Segurança Pública e Desenvolvimento Social;136727088;0;-125578776,2;125578776,2
01/12/2019;1;Executivo;1;RECEITAS CORRENTES;13;Receita Patrimonial;139;Demais Receitas Patrimoniais;1390;Demais Receitas Patrimoniais;139000;Demais Receitas Patrimoniais;13900011;Dem Rec Pat - Royalties pela Produção do Petr;3;;20;Secretaria de Estado de Fazenda                                 ;123400;FUNDO UNICO DE PREVIDENCIA DO ESTADO DO RJ.;231;Recursos Próprios do Rioprevidência;3914723472;3847852866;572831450,5;3275021416
01/12/2019;1;Executivo;1;RECEITAS CORRENTES;13;Receita Patrimonial;139;Demais Receitas Patrimoniais;1390;Demais Receitas Patrimoniais;139000;Demais Receitas Patrimoniais;13900011;Dem Rec Pat - Fundo Especial do Petróleo - FE;1;;99;Tesouro do Estado do Rio de Janeiro                                             ;999900;TESOURO DO ESTADO DO RIO DE JANEIRO;104;Compensação Financeira pela Exploração de Petróleo;466716;11782400,69;-0,01;11782400,7
01/12/2019;1;Executivo;1;RECEITAS CORRENTES;13;Receita Patrimonial;139;Demais Receitas Patrimoniais;1390;Demais Receitas Patrimoniais;139000;Demais Receitas Patrimoniais;13900011;Dem Rec Pat - Fundo Especial do Petróleo - FE;3;;20;Secretaria de Estado de Fazenda                                 ;123400;FUNDO UNICO DE PREVIDENCIA DO ESTADO DO RJ.;231;Recursos Próprios do Rioprevidência;7311840;9464190,02;-2437530,74;11901720,76
01/12/2019;1;Executivo;9;DEDUÇÃO DA RECEITA REFERENTE A RECEITAS CORRENTES;93;Dedução da Receita Referente a Receita Patrimonial;939;Dedução da Receita Referente a Demais Receitas Patrimoniais;9390;Dedução da Receita Referente a Demais Receitas Patrimoniais;939000;Dedução da Receita Referente a Demais Receitas Patrimoniais;93900011;Dedução - Demais Patrim-Royalties Petróleo -T;1;;99;Tesouro do Estado do Rio de Janeiro                                             ;999900;TESOURO DO ESTADO DO RIO DE JANEIRO;104;Compensação Financeira pela Exploração de Petróleo;-463752691;-319592064,6;0;-319592064,6
01/12/2019;1;Executivo;9;DEDUÇÃO DA RECEITA REFERENTE A RECEITAS CORRENTES;93;Dedução da Receita Referente a Receita Patrimonial;939;Dedução da Receita Referente a Demais Receitas Patrimoniais;9390;Dedução da Receita Referente a Demais Receitas Patrimoniais;939000;Dedução da Receita Referente a Demais Receitas Patrimoniais;93900011;Dedução - Demais Patrimon - Royalties Petróle;1;;99;Tesouro do Estado do Rio de Janeiro                                             ;999900;TESOURO DO ESTADO DO RIO DE JANEIRO;104;Compensação Financeira pela Exploração de Petróleo;-309168461;-1239342771;-0,02;-1239342771
01/12/2019;1;Executivo;9;DEDUÇÃO DA RECEITA REFERENTE A RECEITAS CORRENTES;93;Dedução da Receita Referente a Receita Patrimonial;939;Dedução da Receita Referente a Demais Receitas Patrimoniais;9390;Dedução da Receita Referente a Demais Receitas Patrimoniais;939000;Dedução da Receita Referente a Demais Receitas Patrimoniais;93900011;Dedução - Demais Patrim - Royalties Petróleo ;1;;99;Tesouro do Estado do Rio de Janeiro                                             ;999900;TESOURO DO ESTADO DO RIO DE JANEIRO;104;Compensação Financeira pela Exploração de Petróleo;0;-927090623,7;0;-927090623,7
01/12/2019;1;Executivo;1;RECEITAS CORRENTES;13;Receita Patrimonial;139;Demais Receitas Patrimoniais;1390;Demais Receitas Patrimoniais;139000;Demais Receitas Patrimoniais;13900011;Dem Rec Pat - Royalties pela Produção do Petr;1;;99;Tesouro do Estado do Rio de Janeiro                                             ;999900;TESOURO DO ESTADO DO RIO DE JANEIRO;104;Compensação Financeira pela Exploração de Petróleo;1279040136;4532521426;-0,01;4532521426
01/12/2020;1;Executivo;1;RECEITAS CORRENTES;13;Receita Patrimonial;139;Demais Receitas Patrimoniais;1390;Demais Receitas Patrimoniais;139000;Demais Receitas Patrimoniais;13900011;Dem Rec Pat - Fundo Especial do Petróleo - FE;1;;99;Tesouro do Estado do Rio de Janeiro                                             ;999900;TESOURO DO ESTADO DO RIO DE JANEIRO;104;Compensação Financeira pela Exploração de Petróleo;11302787;6814471,11;-1167432,21;7981903,32
01/12/2020;1;Executivo;9;DEDUÇÃO DA RECEITA REFERENTE A RECEITAS CORRENTES;93;Dedução da Receita Referente a Receita Patrimonial;939;Dedução da Receita Referente a Demais Receitas Patrimoniais;9390;Dedução da Receita Referente a Demais Receitas Patrimoniais;939000;Dedução da Receita Referente a Demais Receitas Patrimoniais;93900011;Dedução - Demais Patrimon - Royalties Petróle;1;;99;Tesouro do Estado do Rio de Janeiro                                             ;999900;TESOURO DO ESTADO DO RIO DE JANEIRO;104;Compensação Financeira pela Exploração de Petróleo;-1756865846;-1322746909;259311254,1;-1582058163
01/12/2020;1;Executivo;1;RECEITAS CORRENTES;13;Receita Patrimonial;139;Demais Receitas Patrimoniais;1390;Demais Receitas Patrimoniais;139000;Demais Receitas Patrimoniais;13900011;Dem Rec Pat - Royalties pela Produção do Petr;1;;99;Tesouro do Estado do Rio de Janeiro                                             ;999900;TESOURO DO ESTADO DO RIO DE JANEIRO;104;Compensação Financeira pela Exploração de Petróleo;5418965153;4493850046;-237858493,1;4731708539
01/12/2020;1;Executivo;1;RECEITAS CORRENTES;13;Receita Patrimonial;139;Demais Receitas Patrimoniais;1390;Demais Receitas Patrimoniais;139000;Demais Receitas Patrimoniais;13900011;Dem Rec Pat - Royalties pela Produção do Petr;1;;99;Tesouro do Estado do Rio de Janeiro                                             ;999900;TESOURO DO ESTADO DO RIO DE JANEIRO;103;Royalties para Ações de Segurança Pública e Desenvolvimento Social;167164943;177747561,3;34275922,98;143471638,3
01/12/2020;1;Executivo;9;DEDUÇÃO DA RECEITA REFERENTE A RECEITAS CORRENTES;93;Dedução da Receita Referente a Receita Patrimonial;939;Dedução da Receita Referente a Demais Receitas Patrimoniais;9390;Dedução da Receita Referente a Demais Receitas Patrimoniais;939000;Dedução da Receita Referente a Demais Receitas Patrimoniais;93900011;Dedução - Demais Patrim-Royalties Petróleo -T;1;;99;Tesouro do Estado do Rio de Janeiro                                             ;999900;TESOURO DO ESTADO DO RIO DE JANEIRO;104;Compensação Financeira pela Exploração de Petróleo;-566992205;-423490300,3;63509205,01;-486999505,3
01/12/2020;1;Executivo;1;RECEITAS CORRENTES;13;Receita Patrimonial;139;Demais Receitas Patrimoniais;1390;Demais Receitas Patrimoniais;139000;Demais Receitas Patrimoniais;13900011;Dem Rec Pat - Royalties pela Produção do Petr;1;;99;Tesouro do Estado do Rio de Janeiro                                             ;999900;TESOURO DO ESTADO DO RIO DE JANEIRO;208;Receita desvinculada diretamente arrecadada;0;0;-61684255,75;61684255,75
01/12/2020;1;Executivo;1;RECEITAS CORRENTES;13;Receita Patrimonial;139;Demais Receitas Patrimoniais;1390;Demais Receitas Patrimoniais;139000;Demais Receitas Patrimoniais;13900011;Dem Rec Pat - Royalties pela Produção do Petr;3;;20;Secretaria de Estado de Fazenda                                                 ;123400;FUNDO UNICO DE PREVIDENCIA DO ESTADO DO RJ.;231;Recursos Próprios do Rioprevidência;4322407816;3293685105;-242940185;3536625290
01/12/2020;1;Executivo;1;RECEITAS CORRENTES;13;Receita Patrimonial;139;Demais Receitas Patrimoniais;1390;Demais Receitas Patrimoniais;139000;Demais Receitas Patrimoniais;13900011;Dem Rec Pat - Fundo Especial do Petróleo - FE;3;;20;Secretaria de Estado de Fazenda                                                 ;123400;FUNDO UNICO DE PREVIDENCIA DO ESTADO DO RJ.;231;Recursos Próprios do Rioprevidência;10624620;7135282,53;2509878,47;4625404,06
01/12/2020;1;Executivo;9;DEDUÇÃO DA RECEITA REFERENTE A RECEITAS CORRENTES;93;Dedução da Receita Referente a Receita Patrimonial;939;Dedução da Receita Referente a Demais Receitas Patrimoniais;9390;Dedução da Receita Referente a Demais Receitas Patrimoniais;939000;Dedução da Receita Referente a Demais Receitas Patrimoniais;93900011;Dedução - Demais Patrim - Royalties Petróleo ;1;;99;Tesouro do Estado do Rio de Janeiro                                             ;999900;TESOURO DO ESTADO DO RIO DE JANEIRO;104;Compensação Financeira pela Exploração de Petróleo;-1461666801;-1154252508;239406312,3;-1393658820
01/12/2020;1;Executivo;1;RECEITAS CORRENTES;13;Receita Patrimonial;139;Demais Receitas Patrimoniais;1390;Demais Receitas Patrimoniais;139000;Demais Receitas Patrimoniais;13900011;Dem Rec Pat - Fundo Especial do Petróleo - FE;1;;99;Tesouro do Estado do Rio de Janeiro                                             ;999900;TESOURO DO ESTADO DO RIO DE JANEIRO;208;Receita desvinculada diretamente arrecadada;0;0;-121551,83;121551,83
01/12/2021;1;Executivo;1;RECEITAS CORRENTES;13;Receita Patrimonial;139;Demais Receitas Patrimoniais;1390;Demais Receitas Patrimoniais;139000;Demais Receitas Patrimoniais;13900011;Dem Rec Pat - Royalties pela Produção do Petr;1;;99;Tesouro do Estado do Rio de Janeiro                                             ;999900;TESOURO DO ESTADO DO RIO DE JANEIRO;104;Compensação Financeira pela Exploração de Petróleo;5251927342;7274113337;43431519,52;7230681817
01/12/2021;1;Executivo;1;RECEITAS CORRENTES;13;Receita Patrimonial;139;Demais Receitas Patrimoniais;1390;Demais Receitas Patrimoniais;139000;Demais Receitas Patrimoniais;13900011;Dem Rec Pat - Fundo Especial do Petróleo - FE;1;;99;Tesouro do Estado do Rio de Janeiro                                             ;999900;TESOURO DO ESTADO DO RIO DE JANEIRO;104;Compensação Financeira pela Exploração de Petróleo;11107807;7766090,92;76122,93;7689967,99
01/12/2021;1;Executivo;1;RECEITAS CORRENTES;13;Receita Patrimonial;139;Demais Receitas Patrimoniais;1390;Demais Receitas Patrimoniais;139000;Demais Receitas Patrimoniais;13900011;Dem Rec Pat - Fundo Especial do Petróleo - FE;1;;99;Tesouro do Estado do Rio de Janeiro                                             ;999900;TESOURO DO ESTADO DO RIO DE JANEIRO;151;Fundo Especial de Controle Ambiental - FECAM;584621;461505,07;178190,47;283314,6
01/12/2021;1;Executivo;1;RECEITAS CORRENTES;13;Receita Patrimonial;139;Demais Receitas Patrimoniais;1390;Demais Receitas Patrimoniais;139000;Demais Receitas Patrimoniais;13900011;Dem Rec Pat - Royalties pela Produção do Petr;1;;99;Tesouro do Estado do Rio de Janeiro                                             ;999900;TESOURO DO ESTADO DO RIO DE JANEIRO;151;Fundo Especial de Controle Ambiental - FECAM;243496490;318169587,2;83624794,61;234544792,6
01/12/2021;1;Executivo;1;RECEITAS CORRENTES;13;Receita Patrimonial;139;Demais Receitas Patrimoniais;1390;Demais Receitas Patrimoniais;139000;Demais Receitas Patrimoniais;13900011;Dem Rec Pat - Royalties pela Produção do Petr;1;;99;Tesouro do Estado do Rio de Janeiro                                             ;999900;TESOURO DO ESTADO DO RIO DE JANEIRO;103;Fundo Estadual de Investim e Ações de Segurança Pública e Desenv Social - FISED;183794596;232259526,4;64751131,84;167508394,6
01/12/2021;1;Executivo;9;DEDUÇÃO DA RECEITA REFERENTE A RECEITAS CORRENTES;93;Dedução da Receita Referente a Receita Patrimonial;939;Dedução da Receita Referente a Demais Receitas Patrimoniais;9390;Dedução da Receita Referente a Demais Receitas Patrimoniais;939000;Dedução da Receita Referente a Demais Receitas Patrimoniais;93900011;Dedução - Demais Patrim-Royalties Petróleo -T;1;;99;Tesouro do Estado do Rio de Janeiro                                             ;999900;TESOURO DO ESTADO DO RIO DE JANEIRO;104;Compensação Financeira pela Exploração de Petróleo;-647430900;-837692960,9;-45045073,75;-792647887,1
01/12/2021;1;Executivo;1;RECEITAS CORRENTES;13;Receita Patrimonial;139;Demais Receitas Patrimoniais;1390;Demais Receitas Patrimoniais;139000;Demais Receitas Patrimoniais;13900011;Dem Rec Pat - Fundo Especial do Petróleo - FE;1;;99;Tesouro do Estado do Rio de Janeiro                                             ;999900;TESOURO DO ESTADO DO RIO DE JANEIRO;208;Receita desvinculada diretamente arrecadada;0;-52763,95;-174184,48;121420,53
01/12/2021;1;Executivo;9;DEDUÇÃO DA RECEITA REFERENTE A RECEITAS CORRENTES;93;Dedução da Receita Referente a Receita Patrimonial;939;Dedução da Receita Referente a Demais Receitas Patrimoniais;9390;Dedução da Receita Referente a Demais Receitas Patrimoniais;939000;Dedução da Receita Referente a Demais Receitas Patrimoniais;93900011;Dedução - Demais Patrimon - Royalties Petróle;1;;99;Tesouro do Estado do Rio de Janeiro                                             ;999900;TESOURO DO ESTADO DO RIO DE JANEIRO;104;Compensação Financeira pela Exploração de Petróleo;-161857728;-294801321,6;16314517,43;-311115839
01/12/2021;1;Executivo;1;RECEITAS CORRENTES;13;Receita Patrimonial;139;Demais Receitas Patrimoniais;1390;Demais Receitas Patrimoniais;139000;Demais Receitas Patrimoniais;13900011;Dem Rec Pat - Royalties pela Produção do Petr;1;;99;Tesouro do Estado do Rio de Janeiro                                             ;999900;TESOURO DO ESTADO DO RIO DE JANEIRO;208;Receita desvinculada diretamente arrecadada;0;48834984,56;-123473524,1;172308508,6
01/12/2022;1;Executivo;1;RECEITAS CORRENTES;13;Receita Patrimonial;139;Demais Receitas Patrimoniais;1399;Outras Receitas Patrimoniais;139999;Outras Receitas Patrimoniais;13999901;Dem Rec Pat - Royalties pela Produção do Petr;1;;99;Tesouro do Estado do Rio de Janeiro                                             ;999900;TESOURO DO ESTADO DO RIO DE JANEIRO;208;Receita desvinculada diretamente arrecadada;228230486;296627576,3;0;296627576,3
01/12/2022;1;Executivo;1;RECEITAS CORRENTES;13;Receita Patrimonial;139;Demais Receitas Patrimoniais;1399;Outras Receitas Patrimoniais;139999;Outras Receitas Patrimoniais;13999901;Dem Rec Pat - Fundo Especial do Petróleo - FE;1;;99;Tesouro do Estado do Rio de Janeiro                                             ;999900;TESOURO DO ESTADO DO RIO DE JANEIRO;152;"Fundo Soberano - Excedente de Arrecadação de
Royalties do Petróleo e Gás Natural";0;2104287,1;-0,01;2104287,11
01/12/2022;1;Executivo;1;RECEITAS CORRENTES;13;Receita Patrimonial;139;Demais Receitas Patrimoniais;1399;Outras Receitas Patrimoniais;139999;Outras Receitas Patrimoniais;13999901;Dem Rec Pat - Royalties pela Produção do Petr;1;;99;Tesouro do Estado do Rio de Janeiro                                             ;999900;TESOURO DO ESTADO DO RIO DE JANEIRO;151;Fundo Especial de Controle Ambiental - FECAM;297827757;393081335,6;0,02;393081335,5
01/12/2022;1;Executivo;9;DEDUÇÃO DA RECEITA REFERENTE A RECEITAS CORRENTES;93;Dedução da Receita Referente a Receita Patrimonial;939;Dedução da Receita Referente a Demais Receitas Patrimoniais;9399;Dedução da Receita Referente a Demais Receitas Patrimoniais;939999;Dedução da Receita Referente a Demais Receitas Patrimoniais;93999901;Dedução - Demais Patrimon - Royalties Petróle;1;;99;Tesouro do Estado do Rio de Janeiro                                             ;999900;TESOURO DO ESTADO DO RIO DE JANEIRO;104;Compensação Financeira pela Exploração de Petróleo;-304493508;-431628260,4;-0,19;-431628260,2
01/12/2022;1;Executivo;1;RECEITAS CORRENTES;13;Receita Patrimonial;139;Demais Receitas Patrimoniais;1399;Outras Receitas Patrimoniais;139999;Outras Receitas Patrimoniais;13999901;Dem Rec Pat - Royalties pela Produção do Petr;1;;99;Tesouro do Estado do Rio de Janeiro                                             ;999900;TESOURO DO ESTADO DO RIO DE JANEIRO;104;Compensação Financeira pela Exploração de Petróleo;9158369101;10713250950;-0,02;10713250950
01/12/2022;1;Executivo;1;RECEITAS CORRENTES;13;Receita Patrimonial;139;Demais Receitas Patrimoniais;1399;Outras Receitas Patrimoniais;139999;Outras Receitas Patrimoniais;13999901;Dem Rec Pat - Fundo Especial do Petróleo - FE;1;;99;Tesouro do Estado do Rio de Janeiro                                             ;999900;TESOURO DO ESTADO DO RIO DE JANEIRO;151;Fundo Especial de Controle Ambiental - FECAM;345300;655798,13;0;655798,13
01/12/2022;1;Executivo;1;RECEITAS CORRENTES;13;Receita Patrimonial;139;Demais Receitas Patrimoniais;1399;Outras Receitas Patrimoniais;139999;Outras Receitas Patrimoniais;13999901;Dem Rec Pat - Royalties pela Produção do Petr;1;;99;Tesouro do Estado do Rio de Janeiro                                             ;999900;TESOURO DO ESTADO DO RIO DE JANEIRO;103;Fundo Estadual de Investim e Ações de Segurança Pública e Desenv Social - FISED;234710028;299049677;0,15;299049676,9
01/12/2022;1;Executivo;9;DEDUÇÃO DA RECEITA REFERENTE A RECEITAS CORRENTES;93;Dedução da Receita Referente a Receita Patrimonial;939;Dedução da Receita Referente a Demais Receitas Patrimoniais;9399;Dedução da Receita Referente a Demais Receitas Patrimoniais;939999;Dedução da Receita Referente a Demais Receitas Patrimoniais;93999901;Dedução - Demais Patrim-Royalties Petróleo -T;1;;99;Tesouro do Estado do Rio de Janeiro                                             ;999900;TESOURO DO ESTADO DO RIO DE JANEIRO;104;Compensação Financeira pela Exploração de Petróleo;-1105279332;-1255816683;-0,17;-1255816683
01/12/2022;1;Executivo;1;RECEITAS CORRENTES;13;Receita Patrimonial;139;Demais Receitas Patrimoniais;1399;Outras Receitas Patrimoniais;139999;Outras Receitas Patrimoniais;13999901;Dem Rec Pat - Royalties pela Produção do Petr;1;;99;Tesouro do Estado do Rio de Janeiro                                             ;999900;TESOURO DO ESTADO DO RIO DE JANEIRO;152;"Fundo Soberano - Excedente de Arrecadação de
Royalties do Petróleo e Gás Natural";0;1216330705;0,02;1216330705
01/12/2022;1;Executivo;1;RECEITAS CORRENTES;13;Receita Patrimonial;139;Demais Receitas Patrimoniais;1399;Outras Receitas Patrimoniais;139999;Outras Receitas Patrimoniais;13999901;Dem Rec Pat - Fundo Especial do Petróleo - FE;1;;99;Tesouro do Estado do Rio de Janeiro                                             ;999900;TESOURO DO ESTADO DO RIO DE JANEIRO;104;Compensação Financeira pela Exploração de Petróleo;9372420;15695947,3;0,01;15695947,29
01/12/2022;1;Executivo;1;RECEITAS CORRENTES;13;Receita Patrimonial;139;Demais Receitas Patrimoniais;1399;Outras Receitas Patrimoniais;139999;Outras Receitas Patrimoniais;13999901;Dem Rec Pat - Fundo Especial do Petróleo - FE;1;;99;Tesouro do Estado do Rio de Janeiro                                             ;999900;TESOURO DO ESTADO DO RIO DE JANEIRO;208;Receita desvinculada diretamente arrecadada;147984;281056,19;-0,01;281056,2
01/12/2023;1;Executivo;1;RECEITAS CORRENTES;13;Receita Patrimonial;139;Demais Receitas Patrimoniais;1399;Outras Receitas Patrimoniais;139999;Outras Receitas Patrimoniais;13999901;Dem Rec Pat - Royalties pela Produção do Petr;1;;99;Tesouro do Estado do Rio de Janeiro                                             ;999900;TESOURO DO ESTADO DO RIO DE JANEIRO;208;Receita desvinculada diretamente arrecadada;310499987;286505260,9;-1872710,81;288377971,7
01/12/2023;1;Executivo;1;RECEITAS CORRENTES;13;Receita Patrimonial;139;Demais Receitas Patrimoniais;1399;Outras Receitas Patrimoniais;139999;Outras Receitas Patrimoniais;13999901;Dem Rec Pat - Royalties pela Produção do Petr;1;;99;Tesouro do Estado do Rio de Janeiro                                             ;999900;TESOURO DO ESTADO DO RIO DE JANEIRO;104;Compensação Financeira pela Exploração de Petróleo;13168610300;11109396213;6242369,51;11103153843
01/12/2023;1;Executivo;1;RECEITAS CORRENTES;13;Receita Patrimonial;139;Demais Receitas Patrimoniais;1399;Outras Receitas Patrimoniais;139999;Outras Receitas Patrimoniais;13999901;Dem Rec Pat - Fundo Especial do Petróleo - FE;1;;99;Tesouro do Estado do Rio de Janeiro                                             ;999900;TESOURO DO ESTADO DO RIO DE JANEIRO;104;Compensação Financeira pela Exploração de Petróleo;16086343;15023934,39;0;15023934,39
01/12/2023;1;Executivo;9;DEDUÇÃO DA RECEITA REFERENTE A RECEITAS CORRENTES;93;Dedução da Receita Referente a Receita Patrimonial;939;Dedução da Receita Referente a Demais Receitas Patrimoniais;9399;Dedução da Receita Referente a Demais Receitas Patrimoniais;939999;Dedução da Receita Referente a Demais Receitas Patrimoniais;93999901;Dedução - Demais Patrim-Royalties Petróleo -T;1;;99;Tesouro do Estado do Rio de Janeiro                                             ;999900;TESOURO DO ESTADO DO RIO DE JANEIRO;104;Compensação Financeira pela Exploração de Petróleo;-1366366171;-1210052445;14168783,76;-1224221229
01/12/2023;1;Executivo;1;RECEITAS CORRENTES;13;Receita Patrimonial;139;Demais Receitas Patrimoniais;1399;Outras Receitas Patrimoniais;139999;Outras Receitas Patrimoniais;13999901;Dem Rec Pat - Fundo Especial do Petróleo - FE;1;;99;Tesouro do Estado do Rio de Janeiro                                             ;999900;TESOURO DO ESTADO DO RIO DE JANEIRO;208;Receita desvinculada diretamente arrecadada;253994;237219,92;0,02;237219,9
01/12/2023;1;Executivo;1;RECEITAS CORRENTES;13;Receita Patrimonial;139;Demais Receitas Patrimoniais;1399;Outras Receitas Patrimoniais;139999;Outras Receitas Patrimoniais;13999901;Dem Rec Pat - Royalties pela Produção do Petr;1;;99;Tesouro do Estado do Rio de Janeiro                                             ;999900;TESOURO DO ESTADO DO RIO DE JANEIRO;151;Fundo Especial de Controle Ambiental - FECAM;428749617;368524744,9;-0,04;368524745
01/12/2023;1;Executivo;9;DEDUÇÃO DA RECEITA REFERENTE A RECEITAS CORRENTES;93;Dedução da Receita Referente a Receita Patrimonial;939;Dedução da Receita Referente a Demais Receitas Patrimoniais;9399;Dedução da Receita Referente a Demais Receitas Patrimoniais;939999;Dedução da Receita Referente a Demais Receitas Patrimoniais;93999901;Dedução - Demais Patrimon - Royalties Petróle;1;;99;Tesouro do Estado do Rio de Janeiro                                             ;999900;TESOURO DO ESTADO DO RIO DE JANEIRO;104;Compensação Financeira pela Exploração de Petróleo;-587350785;-325082878;-14168783,8;-310914094,2
01/12/2023;1;Executivo;1;RECEITAS CORRENTES;13;Receita Patrimonial;139;Demais Receitas Patrimoniais;1399;Outras Receitas Patrimoniais;139999;Outras Receitas Patrimoniais;13999901;Dem Rec Pat - Fundo Especial do Petróleo - FE;1;;99;Tesouro do Estado do Rio de Janeiro                                             ;999900;TESOURO DO ESTADO DO RIO DE JANEIRO;151;Fundo Especial de Controle Ambiental - FECAM;592655;553513,34;-0,02;553513,36
01/12/2023;1;Executivo;1;RECEITAS CORRENTES;13;Receita Patrimonial;139;Demais Receitas Patrimoniais;1399;Outras Receitas Patrimoniais;139999;Outras Receitas Patrimoniais;13999901;Dem Rec Pat - Royalties pela Produção do Petr;1;;99;Tesouro do Estado do Rio de Janeiro                                             ;999900;TESOURO DO ESTADO DO RIO DE JANEIRO;103;Fundo Estadual de Investim e Ações de Segurança Pública e Desenv Social - FISED;295753703;299987531,6;-4369658,68;304357190,3
01/12/2024;1;Executivo;1;RECEITAS CORRENTES;13;Receita Patrimonial;139;Demais Receitas Patrimoniais;1399;Outras Receitas Patrimoniais;139999;Outras Receitas Patrimoniais;13999901;Out Rec Pat - Fundo Especial do Petróleo - FE;1;;99;Tesouro do Estado do Rio de Janeiro                                             ;999900;TESOURO DO ESTADO DO RIO DE JANEIRO;659;Outros Recursos Vinculados à Saúde;1173236;969496,91;188028,34;781468,57
01/12/2024;1;Executivo;1;RECEITAS CORRENTES;13;Receita Patrimonial;139;Demais Receitas Patrimoniais;1399;Outras Receitas Patrimoniais;139999;Outras Receitas Patrimoniais;13999901;Out Rec Pat - Fundo Especial do Petróleo - FE;1;;99;Tesouro do Estado do Rio de Janeiro                                             ;999900;TESOURO DO ESTADO DO RIO DE JANEIRO;749;Outras vinculações de transferências;17130333;21023261,29;-188028,37;21211289,66
01/12/2024;1;Executivo;9;DEDUÇÃO DA RECEITA REFERENTE A RECEITAS CORRENTES;93;Dedução da Receita Referente a Receita Patrimonial;939;Dedução da Receita Referente a Demais Receitas Patrimoniais;9399;Dedução da Receita Referente a Demais Receitas Patrimoniais;939999;Dedução da Receita Referente a Outras Receitas Patrimoniais;93999901;Dedução - Outras Patrimon - Royalties Petróle;1;;99;Tesouro do Estado do Rio de Janeiro                                             ;999900;TESOURO DO ESTADO DO RIO DE JANEIRO;749;Outras vinculações de transferências;-527162914;-1436580336;217176332,5;-1653756669
01/12/2024;1;Executivo;1;RECEITAS CORRENTES;13;Receita Patrimonial;139;Demais Receitas Patrimoniais;1399;Outras Receitas Patrimoniais;139999;Outras Receitas Patrimoniais;13999901;Out Rec Pat - Fundo Especial do Petróleo - FE;1;;99;Tesouro do Estado do Rio de Janeiro                                             ;999900;TESOURO DO ESTADO DO RIO DE JANEIRO;601;Transferências Fundo a Fundo de Recursos do SUS provenientes do Governo Federal;278736;334915,14;0,03;334915,11
01/12/2024;1;Executivo;9;DEDUÇÃO DA RECEITA REFERENTE A RECEITAS CORRENTES;93;Dedução da Receita Referente a Receita Patrimonial;939;Dedução da Receita Referente a Demais Receitas Patrimoniais;9399;Dedução da Receita Referente a Demais Receitas Patrimoniais;939999;Dedução da Receita Referente a Outras Receitas Patrimoniais;93999901;Dedução - Outras Patrim-Royalties Petróleo -T;1;;99;Tesouro do Estado do Rio de Janeiro                                             ;999900;TESOURO DO ESTADO DO RIO DE JANEIRO;749;Outras vinculações de transferências;-1252011436;-217176332,5;-217176332,5;0
01/12/2024;1;Executivo;1;RECEITAS CORRENTES;13;Receita Patrimonial;139;Demais Receitas Patrimoniais;1399;Outras Receitas Patrimoniais;139999;Outras Receitas Patrimoniais;13999901;Out Rec Pat - Royalties pela Produção do Petr;1;;99;Tesouro do Estado do Rio de Janeiro                                             ;999900;TESOURO DO ESTADO DO RIO DE JANEIRO;749;Outras vinculações de transferências;12858853229;12046712415;-100970619,1;12147683035
01/12/2024;1;Executivo;1;RECEITAS CORRENTES;13;Receita Patrimonial;139;Demais Receitas Patrimoniais;1399;Outras Receitas Patrimoniais;139999;Outras Receitas Patrimoniais;13999901;Out Rec Pat - Royalties pela Produção do Petr;1;;99;Tesouro do Estado do Rio de Janeiro                                             ;999900;TESOURO DO ESTADO DO RIO DE JANEIRO;601;Transferências Fundo a Fundo de Recursos do SUS provenientes do Governo Federal;320516595;316309124,7;-2313616,64;318622741,4
01/12/2024;1;Executivo;1;RECEITAS CORRENTES;13;Receita Patrimonial;139;Demais Receitas Patrimoniais;1399;Outras Receitas Patrimoniais;139999;Outras Receitas Patrimoniais;13999901;Out Rec Pat - Royalties pela Produção do Petr;1;;99;Tesouro do Estado do Rio de Janeiro                                             ;999900;TESOURO DO ESTADO DO RIO DE JANEIRO;801;Recursos Vinculados ao RPPS - Fundo em Repartição (Plano Financeiro);320516595;316309124,7;-2313616,64;318622741,4
01/12/2024;1;Executivo;1;RECEITAS CORRENTES;13;Receita Patrimonial;139;Demais Receitas Patrimoniais;1399;Outras Receitas Patrimoniais;139999;Outras Receitas Patrimoniais;13999901;Out Rec Pat - Royalties pela Produção do Petr;1;;99;Tesouro do Estado do Rio de Janeiro                                             ;999900;TESOURO DO ESTADO DO RIO DE JANEIRO;659;Outros Recursos Vinculados à Saúde;1114709197;846737299,2;103284235,8;743453063,4
01/12/2024;1;Executivo;1;RECEITAS CORRENTES;13;Receita Patrimonial;139;Demais Receitas Patrimoniais;1399;Outras Receitas Patrimoniais;139999;Outras Receitas Patrimoniais;13999901;Out Rec Pat - Fundo Especial do Petróleo - FE;1;;99;Tesouro do Estado do Rio de Janeiro                                             ;999900;TESOURO DO ESTADO DO RIO DE JANEIRO;801;Recursos Vinculados ao RPPS - Fundo em Repartição (Plano Financeiro);278736;334915,14;0,03;334915,11
01/12/2024;1;Executivo;1;RECEITAS CORRENTES;13;Receita Patrimonial;139;Demais Receitas Patrimoniais;1399;Outras Receitas Patrimoniais;139999;Outras Receitas Patrimoniais;13999901;Out Rec Pat - Fundo Especial do Petróleo - FE;1;;99;Tesouro do Estado do Rio de Janeiro                                             ;999900;TESOURO DO ESTADO DO RIO DE JANEIRO;701;Outras Transferências de Convênios ou Instrumentos Congêneres dos Estados;278736;334915,14;0,03;334915,11
01/12/2024;1;Executivo;1;RECEITAS CORRENTES;13;Receita Patrimonial;139;Demais Receitas Patrimoniais;1399;Outras Receitas Patrimoniais;139999;Outras Receitas Patrimoniais;13999901;Out Rec Pat - Fundo Especial do Petróleo - FE;1;;99;Tesouro do Estado do Rio de Janeiro                                             ;999900;TESOURO DO ESTADO DO RIO DE JANEIRO;759;Recursos Vinculados a Fundos;1173236;969496,91;188028,34;781468,57
01/12/2024;1;Executivo;1;RECEITAS CORRENTES;13;Receita Patrimonial;139;Demais Receitas Patrimoniais;1399;Outras Receitas Patrimoniais;139999;Outras Receitas Patrimoniais;13999901;Out Rec Pat - Royalties pela Produção do Petr;1;;99;Tesouro do Estado do Rio de Janeiro                                             ;999900;TESOURO DO ESTADO DO RIO DE JANEIRO;501;Outros Recursos não Vinculados;320516595;316309124,7;-2313616,64;318622741,4
01/12/2024;1;Executivo;1;RECEITAS CORRENTES;13;Receita Patrimonial;139;Demais Receitas Patrimoniais;1399;Outras Receitas Patrimoniais;139999;Outras Receitas Patrimoniais;13999901;Out Rec Pat - Royalties pela Produção do Petr;1;;99;Tesouro do Estado do Rio de Janeiro                                             ;999900;TESOURO DO ESTADO DO RIO DE JANEIRO;701;Outras Transferências de Convênios ou Instrumentos Congêneres dos Estados;320516595;316309124,7;-2313616,64;318622741,4
01/12/2024;1;Executivo;1;RECEITAS CORRENTES;13;Receita Patrimonial;139;Demais Receitas Patrimoniais;1399;Outras Receitas Patrimoniais;139999;Outras Receitas Patrimoniais;13999901;Out Rec Pat - Royalties pela Produção do Petr;1;;99;Tesouro do Estado do Rio de Janeiro                                             ;999900;TESOURO DO ESTADO DO RIO DE JANEIRO;759;Recursos Vinculados a Fundos;1114709197;846737299,2;103284235,8;743453063,4
01/12/2024;1;Executivo;1;RECEITAS CORRENTES;13;Receita Patrimonial;139;Demais Receitas Patrimoniais;1399;Outras Receitas Patrimoniais;139999;Outras Receitas Patrimoniais;13999901;Out Rec Pat - Fundo Especial do Petróleo - FE;1;;99;Tesouro do Estado do Rio de Janeiro                                             ;999900;TESOURO DO ESTADO DO RIO DE JANEIRO;501;Outros Recursos não Vinculados;278736;334915,14;0,03;334915,11
01/12/2025;1;Executivo;1;RECEITAS CORRENTES;13;Receita Patrimonial;139;Demais Receitas Patrimoniais;1399;Outras Receitas Patrimoniais;139999;Outras Receitas Patrimoniais;13999901;Out Rec Pat - Royalties pela Produção do Petr;1;;99;Tesouro do Estado do Rio de Janeiro                                             ;999900;TESOURO DO ESTADO DO RIO DE JANEIRO;601;Transferências Fundo a Fundo de Recursos do SUS provenientes do Governo Federal;341069766;348030137,4;-2671788,85;350701926,2
01/12/2025;1;Executivo;9;DEDUÇÃO DA RECEITA REFERENTE A RECEITAS CORRENTES;93;Dedução da Receita Referente a Receita Patrimonial;939;Dedução da Receita Referente a Demais Receitas Patrimoniais;9399;Dedução da Receita Referente a Demais Receitas Patrimoniais;939999;Dedução da Receita Referente a Outras Receitas Patrimoniais;93999901;Dedução - Outras Patrimon - Royalties Petróle;1;;99;Tesouro do Estado do Rio de Janeiro                                             ;999900;TESOURO DO ESTADO DO RIO DE JANEIRO;749;Outras vinculações de transferências;0;-143677355,3;-143677355,3;0
01/12/2025;1;Executivo;1;RECEITAS CORRENTES;13;Receita Patrimonial;139;Demais Receitas Patrimoniais;1399;Outras Receitas Patrimoniais;139999;Outras Receitas Patrimoniais;13999901;Out Rec Pat - Royalties pela Produção do Petr;1;;99;Tesouro do Estado do Rio de Janeiro                                             ;999900;TESOURO DO ESTADO DO RIO DE JANEIRO;704;Transferência da União Referente a Royalties do Petróleo e Gás Natural;14055790874;13030178227;-23135753,85;13053313981
01/12/2025;1;Executivo;1;RECEITAS CORRENTES;13;Receita Patrimonial;139;Demais Receitas Patrimoniais;1399;Outras Receitas Patrimoniais;139999;Outras Receitas Patrimoniais;13999901;Out Rec Pat - Fundo Especial do Petróleo - FE;1;;99;Tesouro do Estado do Rio de Janeiro                                             ;999900;TESOURO DO ESTADO DO RIO DE JANEIRO;601;Transferências Fundo a Fundo de Recursos do SUS provenientes do Governo Federal;296260;294611,31;0,03;294611,28
01/12/2025;1;Executivo;9;DEDUÇÃO DA RECEITA REFERENTE A RECEITAS CORRENTES;93;Dedução da Receita Referente a Receita Patrimonial;939;Dedução da Receita Referente a Demais Receitas Patrimoniais;9399;Dedução da Receita Referente a Demais Receitas Patrimoniais;939999;Dedução da Receita Referente a Outras Receitas Patrimoniais;93999901;Dedução - Outras Patrimon - Royalties Petróle;1;;99;Tesouro do Estado do Rio de Janeiro                                             ;999900;TESOURO DO ESTADO DO RIO DE JANEIRO;604;Transf Gov Federal destinadas ao vencimento dos agentes de saúde;-555693728;-171849156,7;1585682281;-1757531438
01/12/2025;1;Executivo;9;DEDUÇÃO DA RECEITA REFERENTE A RECEITAS CORRENTES;93;Dedução da Receita Referente a Receita Patrimonial;939;Dedução da Receita Referente a Demais Receitas Patrimoniais;9399;Dedução da Receita Referente a Demais Receitas Patrimoniais;939999;Dedução da Receita Referente a Outras Receitas Patrimoniais;93999901;Dedução - Outras Patrimon - Royalties Petróle;1;;99;Tesouro do Estado do Rio de Janeiro                                             ;999900;TESOURO DO ESTADO DO RIO DE JANEIRO;704;Transferência da União Referente a Royalties do Petróleo e Gás Natural;-555693728;-171849156,7;1585682281;-1757531438
01/12/2025;1;Executivo;1;RECEITAS CORRENTES;13;Receita Patrimonial;139;Demais Receitas Patrimoniais;1399;Outras Receitas Patrimoniais;139999;Outras Receitas Patrimoniais;13999901;Out Rec Pat - Royalties pela Produção do Petr;1;;99;Tesouro do Estado do Rio de Janeiro                                             ;999900;TESOURO DO ESTADO DO RIO DE JANEIRO;701;Outras Transferências de Convênios ou Instrumentos Congêneres dos Estados;341069766;348030137,4;-2671788,85;350701926,2
01/12/2025;1;Executivo;1;RECEITAS CORRENTES;13;Receita Patrimonial;139;Demais Receitas Patrimoniais;1399;Outras Receitas Patrimoniais;139999;Outras Receitas Patrimoniais;13999901;Out Rec Pat - Royalties pela Produção do Petr;1;;99;Tesouro do Estado do Rio de Janeiro                                             ;999900;TESOURO DO ESTADO DO RIO DE JANEIRO;759;Recursos Vinculados a Fundos;795829457;937495918,7;25807542,72;911688376
01/12/2025;1;Executivo;1;RECEITAS CORRENTES;13;Receita Patrimonial;139;Demais Receitas Patrimoniais;1399;Outras Receitas Patrimoniais;139999;Outras Receitas Patrimoniais;13999901;Out Rec Pat - Fundo Especial do Petróleo - FE;1;;99;Tesouro do Estado do Rio de Janeiro                                             ;999900;TESOURO DO ESTADO DO RIO DE JANEIRO;759;Recursos Vinculados a Fundos;691266;887122,31;66595,33;820526,98
01/12/2025;1;Executivo;1;RECEITAS CORRENTES;13;Receita Patrimonial;139;Demais Receitas Patrimoniais;1399;Outras Receitas Patrimoniais;139999;Outras Receitas Patrimoniais;13999901;Out Rec Pat - Fundo Especial do Petróleo - FE;1;;99;Tesouro do Estado do Rio de Janeiro                                             ;999900;TESOURO DO ESTADO DO RIO DE JANEIRO;501;Outros Recursos não Vinculados;296260;294611,31;0,03;294611,28
01/12/2025;1;Executivo;1;RECEITAS CORRENTES;13;Receita Patrimonial;139;Demais Receitas Patrimoniais;1399;Outras Receitas Patrimoniais;139999;Outras Receitas Patrimoniais;13999901;Out Rec Pat - Royalties pela Produção do Petr;1;;99;Tesouro do Estado do Rio de Janeiro                                             ;999900;TESOURO DO ESTADO DO RIO DE JANEIRO;801;Recursos Vinculados ao RPPS - Fundo em Repartição (Plano Financeiro);341069766;348030137,4;-2671788,85;350701926,2
01/12/2025;1;Executivo;1;RECEITAS CORRENTES;13;Receita Patrimonial;139;Demais Receitas Patrimoniais;1399;Outras Receitas Patrimoniais;139999;Outras Receitas Patrimoniais;13999901;Out Rec Pat - Royalties pela Produção do Petr;1;;99;Tesouro do Estado do Rio de Janeiro                                             ;999900;TESOURO DO ESTADO DO RIO DE JANEIRO;659;Outros Recursos Vinculados à Saúde;795829457;937495918,7;25807542,72;911688376
01/12/2025;1;Executivo;1;RECEITAS CORRENTES;13;Receita Patrimonial;139;Demais Receitas Patrimoniais;1399;Outras Receitas Patrimoniais;139999;Outras Receitas Patrimoniais;13999901;Out Rec Pat - Fundo Especial do Petróleo - FE;1;;99;Tesouro do Estado do Rio de Janeiro                                             ;999900;TESOURO DO ESTADO DO RIO DE JANEIRO;659;Outros Recursos Vinculados à Saúde;691266;887122,31;66595,33;820526,98
01/12/2025;1;Executivo;1;RECEITAS CORRENTES;13;Receita Patrimonial;139;Demais Receitas Patrimoniais;1399;Outras Receitas Patrimoniais;139999;Outras Receitas Patrimoniais;13999901;Out Rec Pat - Fundo Especial do Petróleo - FE;1;;99;Tesouro do Estado do Rio de Janeiro                                             ;999900;TESOURO DO ESTADO DO RIO DE JANEIRO;701;Outras Transferências de Convênios ou Instrumentos Congêneres dos Estados;296260;294611,31;0,03;294611,28
01/12/2025;1;Executivo;1;RECEITAS CORRENTES;13;Receita Patrimonial;139;Demais Receitas Patrimoniais;1399;Outras Receitas Patrimoniais;139999;Outras Receitas Patrimoniais;13999901;Out Rec Pat - Royalties pela Produção do Petr;1;;99;Tesouro do Estado do Rio de Janeiro                                             ;999900;TESOURO DO ESTADO DO RIO DE JANEIRO;501;Outros Recursos não Vinculados;341069766;348030137,4;-2671788,85;350701926,2
01/12/2025;1;Executivo;1;RECEITAS CORRENTES;13;Receita Patrimonial;139;Demais Receitas Patrimoniais;1399;Outras Receitas Patrimoniais;139999;Outras Receitas Patrimoniais;13999901;Out Rec Pat - Fundo Especial do Petróleo - FE;1;;99;Tesouro do Estado do Rio de Janeiro                                             ;999900;TESOURO DO ESTADO DO RIO DE JANEIRO;704;Transferência da União Referente a Royalties do Petróleo e Gás Natural;18762972;18459017,92;-66595,35;18525613,27
01/12/2025;1;Executivo;1;RECEITAS CORRENTES;13;Receita Patrimonial;139;Demais Receitas Patrimoniais;1399;Outras Receitas Patrimoniais;139999;Outras Receitas Patrimoniais;13999901;Out Rec Pat - Fundo Especial do Petróleo - FE;1;;99;Tesouro do Estado do Rio de Janeiro                                             ;999900;TESOURO DO ESTADO DO RIO DE JANEIRO;801;Recursos Vinculados ao RPPS - Fundo em Repartição (Plano Financeiro);296260;294611,31;0,03;294611,28
01/12/2025;1;Executivo;1;RECEITAS CORRENTES;13;Receita Patrimonial;139;Demais Receitas Patrimoniais;1399;Outras Receitas Patrimoniais;139999;Outras Receitas Patrimoniais;13999901;Out Rec Pat - Royalties pela Produção do Petr;1;;99;Tesouro do Estado do Rio de Janeiro                                             ;999900;TESOURO DO ESTADO DO RIO DE JANEIRO;604;Transf Gov Federal destinadas ao vencimento dos agentes de saúde;14055790874;13030178227;-23135753,85;13053313981
01/12/2025;1;Executivo;1;RECEITAS CORRENTES;13;Receita Patrimonial;139;Demais Receitas Patrimoniais;1399;Outras Receitas Patrimoniais;139999;Outras Receitas Patrimoniais;13999901;Out Rec Pat - Fundo Especial do Petróleo - FE;1;;99;Tesouro do Estado do Rio de Janeiro                                             ;999900;TESOURO DO ESTADO DO RIO DE JANEIRO;604;Transf Gov Federal destinadas ao vencimento dos agentes de saúde;18762972;18459017,92;-66595,35;18525613,27
01/12/2025;1;Executivo;9;DEDUÇÃO DA RECEITA REFERENTE A RECEITAS CORRENTES;93;Dedução da Receita Referente a Receita Patrimonial;939;Dedução da Receita Referente a Demais Receitas Patrimoniais;9399;Dedução da Receita Referente a Demais Receitas Patrimoniais;939999;Dedução da Receita Referente a Outras Receitas Patrimoniais;93999901;Dedução - Outras Patrim-Royalties Petróleo -T;1;;99;Tesouro do Estado do Rio de Janeiro                                             ;999900;TESOURO DO ESTADO DO RIO DE JANEIRO;604;Transf Gov Federal destinadas ao vencimento dos agentes de saúde;-1319772093;-1442004926;-1442004926;0
01/12/2025;1;Executivo;9;DEDUÇÃO DA RECEITA REFERENTE A RECEITAS CORRENTES;93;Dedução da Receita Referente a Receita Patrimonial;939;Dedução da Receita Referente a Demais Receitas Patrimoniais;9399;Dedução da Receita Referente a Demais Receitas Patrimoniais;939999;Dedução da Receita Referente a Outras Receitas Patrimoniais;93999901;Dedução - Outras Patrim-Royalties Petróleo -T;1;;99;Tesouro do Estado do Rio de Janeiro                                             ;999900;TESOURO DO ESTADO DO RIO DE JANEIRO;704;Transferência da União Referente a Royalties do Petróleo e Gás Natural;-1319772093;-1442004926;-1442004926;0
01/07/2026;1;Executivo;1;RECEITAS CORRENTES;13;Receita Patrimonial;139;Demais Receitas Patrimoniais;1399;Outras Receitas Patrimoniais;139999;Outras Receitas Patrimoniais;13999901;Out Rec Pat - Royalties pela Produção do Petr;1;;99;Tesouro do Estado do Rio de Janeiro                                             ;999900;TESOURO DO ESTADO DO RIO DE JANEIRO;701;Outras Transferências de Convênios ou Instrumentos Congêneres dos Estados;316521023;424710884;219342348,9;205368535,2
01/07/2026;1;Executivo;1;RECEITAS CORRENTES;13;Receita Patrimonial;139;Demais Receitas Patrimoniais;1399;Outras Receitas Patrimoniais;139999;Outras Receitas Patrimoniais;13999901;Out Rec Pat - Royalties pela Produção do Petr;1;;99;Tesouro do Estado do Rio de Janeiro                                             ;999900;TESOURO DO ESTADO DO RIO DE JANEIRO;659;Outros Recursos Vinculados à Saúde;738549025;1647662704;1168469455;479193248,7
01/07/2026;1;Executivo;9;DEDUÇÃO DA RECEITA REFERENTE A RECEITAS CORRENTES;93;Dedução da Receita Referente a Receita Patrimonial;939;Dedução da Receita Referente a Demais Receitas Patrimoniais;9399;Dedução da Receita Referente a Demais Receitas Patrimoniais;939999;Dedução da Receita Referente a Outras Receitas Patrimoniais;93999901;Dedução - Outras Patrim-Royalties Petróleo -T;1;;99;Tesouro do Estado do Rio de Janeiro                                             ;999900;TESOURO DO ESTADO DO RIO DE JANEIRO;704;Transferência da União Referente a Royalties do Petróleo e Gás Natural;-1201252039;-1032825509;-1032825509;0
01/07/2026;1;Executivo;1;RECEITAS CORRENTES;13;Receita Patrimonial;139;Demais Receitas Patrimoniais;1399;Outras Receitas Patrimoniais;139999;Outras Receitas Patrimoniais;13999901;Out Rec Pat - Royalties pela Produção do Petr;1;;99;Tesouro do Estado do Rio de Janeiro                                             ;999900;TESOURO DO ESTADO DO RIO DE JANEIRO;704;Transferência da União Referente a Royalties do Petróleo e Gás Natural;13010302313;16213646497;8570660602;7642985895
01/07/2026;1;Executivo;1;RECEITAS CORRENTES;13;Receita Patrimonial;139;Demais Receitas Patrimoniais;1399;Outras Receitas Patrimoniais;139999;Outras Receitas Patrimoniais;13999901;Out Rec Pat - Royalties pela Produção do Petr;1;;99;Tesouro do Estado do Rio de Janeiro                                             ;999900;TESOURO DO ESTADO DO RIO DE JANEIRO;604;Transf Gov Federal destinadas ao vencimento dos agentes de saúde;13010302313;16213646497;8570660602;7642985895
01/07/2026;1;Executivo;1;RECEITAS CORRENTES;13;Receita Patrimonial;139;Demais Receitas Patrimoniais;1399;Outras Receitas Patrimoniais;139999;Outras Receitas Patrimoniais;13999901;Out Rec Pat - Royalties pela Produção do Petr;1;;99;Tesouro do Estado do Rio de Janeiro                                             ;999900;TESOURO DO ESTADO DO RIO DE JANEIRO;601;Transferências Fundo a Fundo de Recursos do SUS provenientes do Governo Federal;316521023;424710884;219342348,9;205368535,2
01/07/2026;1;Executivo;1;RECEITAS CORRENTES;13;Receita Patrimonial;139;Demais Receitas Patrimoniais;1399;Outras Receitas Patrimoniais;139999;Outras Receitas Patrimoniais;13999901;Out Rec Pat - Fundo Especial do Petróleo - FE;1;;99;Tesouro do Estado do Rio de Janeiro                                             ;999900;TESOURO DO ESTADO DO RIO DE JANEIRO;701;Outras Transferências de Convênios ou Instrumentos Congêneres dos Estados;274280;399520,32;180215,23;219305,09
01/07/2026;1;Executivo;9;DEDUÇÃO DA RECEITA REFERENTE A RECEITAS CORRENTES;93;Dedução da Receita Referente a Receita Patrimonial;939;Dedução da Receita Referente a Demais Receitas Patrimoniais;9399;Dedução da Receita Referente a Demais Receitas Patrimoniais;939999;Dedução da Receita Referente a Outras Receitas Patrimoniais;93999901;Dedução - Outras Patrim-Royalties Petróleo -T;1;;99;Tesouro do Estado do Rio de Janeiro                                             ;999900;TESOURO DO ESTADO DO RIO DE JANEIRO;604;Transf Gov Federal destinadas ao vencimento dos agentes de saúde;-1201252039;-1032825509;-1032825509;0
01/07/2026;1;Executivo;1;RECEITAS CORRENTES;13;Receita Patrimonial;139;Demais Receitas Patrimoniais;1399;Outras Receitas Patrimoniais;139999;Outras Receitas Patrimoniais;13999901;Out Rec Pat - Fundo Especial do Petróleo - FE;1;;99;Tesouro do Estado do Rio de Janeiro                                             ;999900;TESOURO DO ESTADO DO RIO DE JANEIRO;659;Outros Recursos Vinculados à Saúde;639979;1868170,18;1356458,25;511711,93
01/07/2026;1;Executivo;1;RECEITAS CORRENTES;13;Receita Patrimonial;139;Demais Receitas Patrimoniais;1399;Outras Receitas Patrimoniais;139999;Outras Receitas Patrimoniais;13999901;Out Rec Pat - Fundo Especial do Petróleo - FE;1;;99;Tesouro do Estado do Rio de Janeiro                                             ;999900;TESOURO DO ESTADO DO RIO DE JANEIRO;704;Transferência da União Referente a Royalties do Petróleo e Gás Natural;17370740;24366984,12;10477660,84;13889323,28
01/07/2026;1;Executivo;1;RECEITAS CORRENTES;13;Receita Patrimonial;139;Demais Receitas Patrimoniais;1399;Outras Receitas Patrimoniais;139999;Outras Receitas Patrimoniais;13999901;Out Rec Pat - Royalties pela Produção do Petr;1;;99;Tesouro do Estado do Rio de Janeiro                                             ;999900;TESOURO DO ESTADO DO RIO DE JANEIRO;759;Recursos Vinculados a Fundos;738549025;1647662704;1168469455;479193248,7
01/07/2026;1;Executivo;1;RECEITAS CORRENTES;13;Receita Patrimonial;139;Demais Receitas Patrimoniais;1399;Outras Receitas Patrimoniais;139999;Outras Receitas Patrimoniais;13999901;Out Rec Pat - Fundo Especial do Petróleo - FE;1;;99;Tesouro do Estado do Rio de Janeiro                                             ;999900;TESOURO DO ESTADO DO RIO DE JANEIRO;759;Recursos Vinculados a Fundos;639979;1868170,18;1356458,25;511711,93
01/07/2026;1;Executivo;1;RECEITAS CORRENTES;13;Receita Patrimonial;139;Demais Receitas Patrimoniais;1399;Outras Receitas Patrimoniais;139999;Outras Receitas Patrimoniais;13999901;Out Rec Pat - Fundo Especial do Petróleo - FE;1;;99;Tesouro do Estado do Rio de Janeiro                                             ;999900;TESOURO DO ESTADO DO RIO DE JANEIRO;601;Transferências Fundo a Fundo de Recursos do SUS provenientes do Governo Federal;274280;399520,32;180215,23;219305,09
01/07/2026;1;Executivo;1;RECEITAS CORRENTES;13;Receita Patrimonial;139;Demais Receitas Patrimoniais;1399;Outras Receitas Patrimoniais;139999;Outras Receitas Patrimoniais;13999901;Out Rec Pat - Fundo Especial do Petróleo - FE;1;;99;Tesouro do Estado do Rio de Janeiro                                             ;999900;TESOURO DO ESTADO DO RIO DE JANEIRO;501;Outros Recursos não Vinculados;274280;399520,32;180215,23;219305,09
01/07/2026;1;Executivo;1;RECEITAS CORRENTES;13;Receita Patrimonial;139;Demais Receitas Patrimoniais;1399;Outras Receitas Patrimoniais;139999;Outras Receitas Patrimoniais;13999901;Out Rec Pat - Fundo Especial do Petróleo - FE;1;;99;Tesouro do Estado do Rio de Janeiro                                             ;999900;TESOURO DO ESTADO DO RIO DE JANEIRO;801;Recursos Vinculados ao RPPS - Fundo em Repartição (Plano Financeiro);274280;399520,32;180215,23;219305,09
01/07/2026;1;Executivo;9;DEDUÇÃO DA RECEITA REFERENTE A RECEITAS CORRENTES;93;Dedução da Receita Referente a Receita Patrimonial;939;Dedução da Receita Referente a Demais Receitas Patrimoniais;9399;Dedução da Receita Referente a Demais Receitas Patrimoniais;939999;Dedução da Receita Referente a Outras Receitas Patrimoniais;93999901;Dedução - Outras Patrimon - Royalties Petróle;1;;99;Tesouro do Estado do Rio de Janeiro                                             ;999900;TESOURO DO ESTADO DO RIO DE JANEIRO;604;Transf Gov Federal destinadas ao vencimento dos agentes de saúde;-505790526;-1199371618;-192996686,8;-1006374931
01/07/2026;1;Executivo;1;RECEITAS CORRENTES;13;Receita Patrimonial;139;Demais Receitas Patrimoniais;1399;Outras Receitas Patrimoniais;139999;Outras Receitas Patrimoniais;13999901;Out Rec Pat - Royalties pela Produção do Petr;1;;99;Tesouro do Estado do Rio de Janeiro                                             ;999900;TESOURO DO ESTADO DO RIO DE JANEIRO;801;Recursos Vinculados ao RPPS - Fundo em Repartição (Plano Financeiro);316521023;424710884;219342348,9;205368535,2
01/07/2026;1;Executivo;9;DEDUÇÃO DA RECEITA REFERENTE A RECEITAS CORRENTES;93;Dedução da Receita Referente a Receita Patrimonial;939;Dedução da Receita Referente a Demais Receitas Patrimoniais;9399;Dedução da Receita Referente a Demais Receitas Patrimoniais;939999;Dedução da Receita Referente a Outras Receitas Patrimoniais;93999901;Dedução - Outras Patrimon - Royalties Petróle;1;;99;Tesouro do Estado do Rio de Janeiro                                             ;999900;TESOURO DO ESTADO DO RIO DE JANEIRO;704;Transferência da União Referente a Royalties do Petróleo e Gás Natural;-505790526;-1199371618;-192996686,8;-1006374931
01/07/2026;1;Executivo;1;RECEITAS CORRENTES;13;Receita Patrimonial;139;Demais Receitas Patrimoniais;1399;Outras Receitas Patrimoniais;139999;Outras Receitas Patrimoniais;13999901;Out Rec Pat - Royalties pela Produção do Petr;1;;99;Tesouro do Estado do Rio de Janeiro                                             ;999900;TESOURO DO ESTADO DO RIO DE JANEIRO;501;Outros Recursos não Vinculados;316521023;424710884;219342348,9;205368535,2
01/07/2026;1;Executivo;1;RECEITAS CORRENTES;13;Receita Patrimonial;139;Demais Receitas Patrimoniais;1399;Outras Receitas Patrimoniais;139999;Outras Receitas Patrimoniais;13999901;Out Rec Pat - Fundo Especial do Petróleo - FE;1;;99;Tesouro do Estado do Rio de Janeiro                                             ;999900;TESOURO DO ESTADO DO RIO DE JANEIRO;604;Transf Gov Federal destinadas ao vencimento dos agentes de saúde;17370740;24366984,12;10477660,84;13889323,28
